<?xml version="1.0" ?>
<dailyhousewaterusage>
		<appliance>
			<appname>sink</appname>
			<room>kitchen</room>
			<avgrate>55</avgrate>
			<maxrate>20</maxrate>
			<minrate>35</minrate>
			<total>2500</total>
		</appliance>
		<appliance>
			<appname>sink</appname>
			<room>bathroom</room>
			<avgrate>75</avgrate>
			<maxrate>45</maxrate>
			<minrate>10</minrate>
			<total>5000</total>
		</appliance>
		<appliance>
			<appname>toilet</appname>
			<room>bathroom</room>
			<avgrate>85</avgrate>
			<maxrate>70</maxrate>
			<minrate>20</minrate>
			<total>10000</total>
		</appliance>
		<appliance>
			<appname>bath</appname>
			<room>bathroom</room>
			<avgrate>80</avgrate>
			<maxrate>50</maxrate>
			<minrate>0</minrate>
			<total>2000</total>
		</appliance>
		<appliance>
			<appname>shower</appname>
			<room>bathroom</room>
			<avgrate>100</avgrate>
			<maxrate>500</maxrate>
			<minrate>22</minrate>
			<total>1500</total>
		</appliance>
		<appliance>
			<appname>shower</appname>
			<room>bathroom</room>
			<avgrate>100</avgrate>
			<maxrate>500</maxrate>
			<minrate>22</minrate>
			<total>1500</total>
		</appliance>
		<appliance>
			<appname>washingmachine</appname>
			<room>other</room>
			<avgrate>500</avgrate>
			<maxrate>1000</maxrate>
			<minrate>45</minrate>
			<total>15000</total>
		</appliance>
		<appliance>
			<appname>dishwasher</appname>
			<room>other</room>
			<avgrate>759</avgrate>
			<maxrate>999</maxrate>
			<minrate>35</minrate>
			<total>23456</total>
		</appliance>
		<appliance>
			<appname>hose</appname>
			<room>other</room>
			<avgrate>10</avgrate>
			<maxrate>25</maxrate>
			<minrate>1</minrate>
			<total>100</total>
		</appliance>
</dailyhousewaterusage>