<?xml version="1.0" ?>
<livehousewaterusage>
		<appliance>
			<appname>sink</appname>
			<room>kitchen</room>
			<rate>55</rate>
		</appliance>
		<appliance>
			<appname>sink</appname>
			<room>bathroom</room>
			<rate>75</rate>
		</appliance>
		<appliance>
			<appname>toilet</appname>
			<room>bathroom</room>
			<rate>85</rate>
		</appliance>
		<appliance>
			<appname>bath</appname>
			<room>bathroom</room>
			<rate>80</rate>
		</appliance>
		<appliance>
			<appname>shower</appname>
			<room>bathroom</room>
			<rate>100</rate>
		</appliance>
		<appliance>
			<appname>shower</appname>
			<room>bathroom</room>
			<rate>100</rate>
		</appliance>
		<appliance>
			<appname>washingmachine</appname>
			<room>other</room>
			<rate>500</rate>
		</appliance>
		<appliance>
			<appname>dishwasher</appname>
			<room>other</room>
			<rate>759</rate>
		</appliance>
		<appliance>
			<appname>hose</appname>
			<room>other</room>
			<rate>10</rate>
		</appliance>
</livehousewaterusage>